sigma_ref_px,condition,ROI_ID,candidate_ID,center_x,center_y,tangent_angle_deg,normal_angle_deg,Direction,channel,filter_method,smoothing_sigma_ref_px,half_level,valid,flag,FWHM,edge_width,CNR,peak_to_noise,background,background_SD,max_gradient,x50_left,x50_right,n_profiles_averaged,within_stack_SD_median,unit
0.0,UV,M4_002,M4_002,23.0,213.0,86.8788277891761,176.8788277891761,X,Lab_a,gaussian,0.0,0.5,True,,14.208582581313346,12.08872335599563,5.473043056007886,7.143576985895086,2.2648686170578003,1.8081550441503524,0.14866525863420543,-7.649073833073103,6.559508748240242,11,0.6644916534423828,common-reference-grid apparent pixels
0.0,NIR,M4_002,M4_002,23.0,213.0,86.8788277891761,176.8788277891761,X,Lab_a,gaussian,0.0,0.5,True,,3.3532341435093826,19.67764013517477,4.854894535380103,7.29159371947673,-7.054714918136597,0.18118222160339353,1.1106724717453624,-3.4488767316587623,-0.09564258814937943,11,0.48795220255851746,common-reference-grid apparent pixels
0.0,UV,M4_005,M4_005,71.0,231.0,78.8274711439505,168.8274711439505,X,Lab_a,gaussian,0.0,0.5,True,,13.4842586409356,14.34415552992053,5.444907753466141,7.102436897185928,5.576129913330078,1.1072918486595154,0.1887629229145238,-6.810927782785092,6.673330858150508,11,0.8669400811195374,common-reference-grid apparent pixels
0.0,NIR,M4_005,M4_005,71.0,231.0,78.8274711439505,168.8274711439505,X,Lab_a,gaussian,0.0,0.5,True,,3.318867180789723,17.309096179908593,7.052758540303197,11.80526289963978,-7.141342639923096,0.17853536796569824,0.710762504816095,-2.5537399234828104,0.7651272573069129,11,0.5134333372116089,common-reference-grid apparent pixels
0.0,UV,M4_008,M4_008,221.0,238.0,98.244480809726,8.244480809726014,X,Lab_a,gaussian,0.0,0.5,True,,12.039465807251103,10.50852073901849,6.495171161950357,17.723590258507382,0.42970047891139984,0.5758887416861951,0.15899374357919704,-8.36223409222297,3.677231715028133,11,0.6720139384269714,common-reference-grid apparent pixels
0.0,NIR,M4_008,M4_008,221.0,238.0,98.244480809726,8.244480809726014,X,Lab_a,gaussian,0.0,0.5,True,,7.935085906304087,17.668830936006106,6.904488186983266,10.330375725342096,-7.468721866607666,0.26674149782802337,0.5371193015280392,-3.7203551567155744,4.2147307495885125,11,0.672017514705658,common-reference-grid apparent pixels
0.0,UV,M4_010,M4_010,76.13637941650013,233.06477771654028,96.52506984715448,6.5250698471544695,X,Lab_a,gaussian,0.0,0.5,True,,12.4661880579058,12.217631547387382,6.000944258501049,10.115532932111252,6.265641927719116,0.7300292786942622,0.16022971965788124,-10.478234586044573,1.987953471861226,11,0.8900915384292603,common-reference-grid apparent pixels
0.0,NIR,M4_010,M4_010,76.13637941650013,233.06477771654028,96.52506984715448,6.5250698471544695,X,Lab_a,gaussian,0.0,0.5,True,,4.782836428381488,20.4561716171363,7.034012775528223,9.145868764789935,-7.054145812988281,0.1601038923740387,0.9221101608454013,-6.065692167784529,-1.282855739403041,11,0.531012773513794,common-reference-grid apparent pixels
0.0,UV,M4_011,M4_011,75.0,243.0,96.52506984715448,6.5250698471544695,X,Lab_a,gaussian,0.0,0.5,True,,19.492842801012387,13.319282182909326,4.309155409234506,5.744888150740917,8.918032169342041,1.5180352942060042,0.17075403697155256,-12.776125196255194,6.716717604757193,11,1.8061444759368896,common-reference-grid apparent pixels
0.0,NIR,M4_011,M4_011,75.0,243.0,96.52506984715448,6.5250698471544695,X,Lab_a,gaussian,0.0,0.5,True,,8.114605996596872,15.809710995774921,5.636247952391993,6.142701327556225,-7.282137632369995,0.45992333965301513,0.6780667985470288,-5.073276039484673,3.0413299571121986,11,0.6687445640563965,common-reference-grid apparent pixels
0.5,UV,M4_002,M4_002,23.0,213.0,86.8788277891761,176.8788277891761,X,Lab_a,gaussian,0.5,0.5,True,,14.269637910740801,12.009845674142932,5.402839935157475,7.096185134000048,2.2648686170578003,1.8081550441503524,0.13713429797267707,-7.627044164281281,6.64259374645952,11,0.6644916534423828,common-reference-grid apparent pixels
0.5,NIR,M4_002,M4_002,23.0,213.0,86.8788277891761,176.8788277891761,X,Lab_a,gaussian,0.5,0.5,True,,3.96289128307551,18.248884165132992,4.031964053327966,5.734893406844632,-7.054714918136597,0.18118222160339353,0.43780287848010924,-3.73389023817903,0.2290010448964801,11,0.48795220255851746,common-reference-grid apparent pixels
0.5,UV,M4_005,M4_005,71.0,231.0,78.8274711439505,168.8274711439505,X,Lab_a,gaussian,0.5,0.5,True,,13.507817675745873,14.351975950141448,5.444907753466141,7.068180742376035,5.576129913330078,1.1072918486595154,0.15485621278324802,-6.86774911069064,6.640068565055233,11,0.8669400811195374,common-reference-grid apparent pixels
0.5,NIR,M4_005,M4_005,71.0,231.0,78.8274711439505,168.8274711439505,X,Lab_a,gaussian,0.5,0.5,True,,3.7055232871798376,10.441409391626431,5.450450269875102,10.057522775724266,-7.141342639923096,0.17853536796569824,0.43524019497644595,-2.8672179564716758,0.8383053307081616,11,0.5134333372116089,common-reference-grid apparent pixels
0.5,UV,M4_008,M4_008,221.0,238.0,98.244480809726,8.244480809726014,X,Lab_a,gaussian,0.5,0.5,True,,12.108527140618158,10.487789956792986,6.495171161950357,17.520723853223803,0.42970047891139984,0.5758887416861951,0.1359797819272135,-8.35669517483415,3.7518319657840076,11,0.6720139384269714,common-reference-grid apparent pixels
0.5,NIR,M4_008,M4_008,221.0,238.0,98.244480809726,8.244480809726014,X,Lab_a,gaussian,0.5,0.5,True,,7.352845109675627,8.638876406142485,6.345076878412848,9.936760479264695,-7.468721866607666,0.26674149782802337,0.32925175220897795,-3.8202126894545234,3.5326324202211037,11,0.672017514705658,common-reference-grid apparent pixels
0.5,UV,M4_010,M4_010,76.13637941650013,233.06477771654028,96.52506984715448,6.5250698471544695,X,Lab_a,gaussian,0.5,0.5,True,,12.714240588172263,12.219942253547648,5.758783930777402,10.043756271707727,6.265641927719116,0.7300292786942622,0.1444477177894945,-10.625643708576696,2.088596879595566,11,0.8900915384292603,common-reference-grid apparent pixels
0.5,NIR,M4_010,M4_010,76.13637941650013,233.06477771654028,96.52506984715448,6.5250698471544695,X,Lab_a,gaussian,0.5,0.5,True,,5.105561583097558,12.894263911655642,6.52283092363347,8.134707823819335,-7.054145812988281,0.1601038923740387,0.47707129582919583,-6.116753768934263,-1.011192185836705,11,0.531012773513794,common-reference-grid apparent pixels
0.5,UV,M4_011,M4_011,75.0,243.0,96.52506984715448,6.5250698471544695,X,Lab_a,gaussian,0.5,0.5,True,,19.49974922992707,13.284224309352375,4.2751654483807515,5.72341227832398,8.918032169342041,1.5180352942060042,0.14156418120506264,-12.803766956675283,6.695982273251787,11,1.8061444759368896,common-reference-grid apparent pixels
0.5,NIR,M4_011,M4_011,75.0,243.0,96.52506984715448,6.5250698471544695,X,Lab_a,gaussian,0.5,0.5,True,,8.422534117558854,15.005696163402934,5.433628200038083,5.856868941693883,-7.282137632369995,0.45992333965301513,0.3166804321356531,-5.225979571073256,3.1965545464855976,11,0.6687445640563965,common-reference-grid apparent pixels
0.75,UV,M4_002,M4_002,23.0,213.0,86.8788277891761,176.8788277891761,X,Lab_a,gaussian,0.75,0.5,True,,14.300376200080073,11.962422586373913,5.469145856334848,7.070515051079744,2.2648686170578003,1.8081550441503524,0.13357393818365915,-7.592728226629535,6.707647973450538,11,0.6644916534423828,common-reference-grid apparent pixels
0.75,NIR,M4_002,M4_002,23.0,213.0,86.8788277891761,176.8788277891761,X,Lab_a,gaussian,0.75,0.5,True,,4.442423922463654,18.056369973163157,3.7687867660293475,5.310816250046916,-7.054714918136597,0.18118222160339353,0.35130115094374226,-3.9710395044865874,0.4713844179770661,11,0.48795220255851746,common-reference-grid apparent pixels
0.75,UV,M4_005,M4_005,71.0,231.0,78.8274711439505,168.8274711439505,X,Lab_a,gaussian,0.75,0.5,True,,13.519074269218248,14.280309157712818,5.444907753466141,7.024306024511026,5.576129913330078,1.1072918486595154,0.13144306108427806,-6.912879850563239,6.606194418655008,11,0.8669400811195374,common-reference-grid apparent pixels
0.75,NIR,M4_005,M4_005,71.0,231.0,78.8274711439505,168.8274711439505,X,Lab_a,gaussian,0.75,0.5,True,,4.142200179837574,8.482399718109054,4.879588561447028,9.359113971973695,-7.141342639923096,0.17853536796569824,0.3474183110737348,-3.159938438376937,0.9822617414606369,11,0.5134333372116089,common-reference-grid apparent pixels
0.75,UV,M4_008,M4_008,221.0,238.0,98.244480809726,8.244480809726014,X,Lab_a,gaussian,0.75,0.5,True,,12.172669501414898,10.52460194925387,6.361981225217016,17.37774795755018,0.42970047891139984,0.5758887416861951,0.12786793878073233,-8.363679800837497,3.8089897005774,11,0.6720139384269714,common-reference-grid apparent pixels
0.75,NIR,M4_008,M4_008,221.0,238.0,98.244480809726,8.244480809726014,X,Lab_a,gaussian,0.75,0.5,True,,7.752944524367754,8.609099516600235,5.565817450807936,9.741770529765173,-7.468721866607666,0.26674149782802337,0.29526262541643455,-3.917958085602953,3.8349864387648016,11,0.672017514705658,common-reference-grid apparent pixels
0.75,UV,M4_010,M4_010,76.13637941650013,233.06477771654028,96.52506984715448,6.5250698471544695,X,Lab_a,gaussian,0.75,0.5,True,,13.068672859798886,12.244728806034392,5.633588657458503,9.953794949411446,6.265641927719116,0.7300292786942622,0.13573410504791705,-10.757841916185804,2.310830943613082,11,0.8900915384292603,common-reference-grid apparent pixels
0.75,NIR,M4_010,M4_010,76.13637941650013,233.06477771654028,96.52506984715448,6.5250698471544695,X,Lab_a,gaussian,0.75,0.5,True,,5.331002478108246,9.15923910467452,5.994831786222186,7.88573506517232,-7.054145812988281,0.1601038923740387,0.379849223260065,-6.177551417333347,-0.8465489392251003,11,0.531012773513794,common-reference-grid apparent pixels
0.75,UV,M4_011,M4_011,75.0,243.0,96.52506984715448,6.5250698471544695,X,Lab_a,gaussian,0.75,0.5,True,,19.569731536449027,13.28868359407098,4.2751654483807515,5.704210775932358,8.918032169342041,1.5180352942060042,0.12245127190403138,-12.879241858767129,6.690489677681897,11,1.8061444759368896,common-reference-grid apparent pixels
0.75,NIR,M4_011,M4_011,75.0,243.0,96.52506984715448,6.5250698471544695,X,Lab_a,gaussian,0.75,0.5,True,,8.586416821907545,14.879716296125887,5.174296550829333,5.736730225565758,-7.282137632369995,0.45992333965301513,0.24389747847162613,-5.304364075747006,3.2820527461605384,11,0.6687445640563965,common-reference-grid apparent pixels
1.0,UV,M4_002,M4_002,23.0,213.0,86.8788277891761,176.8788277891761,X,Lab_a,gaussian,1.0,0.5,True,,14.354380849899336,11.949112094936986,5.469145856334848,7.0471210020523705,2.2648686170578003,1.8081550441503524,0.12838990399332761,-7.586429555456669,6.767951294442667,11,0.6644916534423828,common-reference-grid apparent pixels
1.0,NIR,M4_002,M4_002,23.0,213.0,86.8788277891761,176.8788277891761,X,Lab_a,gaussian,1.0,0.5,True,,4.889704436685036,17.85941927662729,3.096992324508106,4.920709782558599,-7.054714918136597,0.18118222160339353,0.2991462116261945,-4.24006320837292,0.6496412283121161,11,0.48795220255851746,common-reference-grid apparent pixels
1.0,UV,M4_005,M4_005,71.0,231.0,78.8274711439505,168.8274711439505,X,Lab_a,gaussian,1.0,0.5,True,,13.591361419435223,14.126983160984965,5.444907753466141,6.959099163742969,5.576129913330078,1.1072918486595154,0.11775934142670863,-6.984572978551519,6.606788440883705,11,0.8669400811195374,common-reference-grid apparent pixels
1.0,NIR,M4_005,M4_005,71.0,231.0,78.8274711439505,168.8274711439505,X,Lab_a,gaussian,1.0,0.5,True,,4.653070955520709,4.912276946458793,3.9887640207825297,8.676728767535595,-7.141342639923096,0.17853536796569824,0.29194234819632303,-3.472688322343779,1.1803826331769298,11,0.5134333372116089,common-reference-grid apparent pixels
1.0,UV,M4_008,M4_008,221.0,238.0,98.244480809726,8.244480809726014,X,Lab_a,gaussian,1.0,0.5,True,,12.264371424317169,10.574793640497562,6.361981225217016,17.207875325556767,0.42970047891139984,0.5758887416861951,0.12391824831325327,-8.387263168805951,3.877108255511217,11,0.6720139384269714,common-reference-grid apparent pixels
1.0,NIR,M4_008,M4_008,221.0,238.0,98.244480809726,8.244480809726014,X,Lab_a,gaussian,1.0,0.5,True,,8.111048395345165,8.486972148566592,5.137141317512339,9.466934970301493,-7.468721866607666,0.26674149782802337,0.2585452495995155,-4.070660633356188,4.040387761988977,11,0.672017514705658,common-reference-grid apparent pixels
1.0,UV,M4_010,M4_010,76.13637941650013,233.06477771654028,96.52506984715448,6.5250698471544695,X,Lab_a,gaussian,1.0,0.5,True,,13.574674594454045,12.265002355241059,5.303776413878908,9.850998276249943,6.265641927719116,0.7300292786942622,0.12715131220362252,-10.865550420979622,2.709124173474423,11,0.8900915384292603,common-reference-grid apparent pixels
1.0,NIR,M4_010,M4_010,76.13637941650013,233.06477771654028,96.52506984715448,6.5250698471544695,X,Lab_a,gaussian,1.0,0.5,True,,5.639235078194855,4.090579327833003,5.164940519974037,7.639599667280521,-7.054145812988281,0.1601038923740387,0.30897028800041304,-6.285478118716227,-0.6462430405213724,11,0.531012773513794,common-reference-grid apparent pixels
1.0,UV,M4_011,M4_011,75.0,243.0,96.52506984715448,6.5250698471544695,X,Lab_a,gaussian,1.0,0.5,True,,19.72999478227168,13.317879714846823,4.239674228162059,5.672234114398941,8.918032169342041,1.5180352942060042,0.10843368508048923,-13.017508737006498,6.7124860452651856,11,1.8061444759368896,common-reference-grid apparent pixels
1.0,NIR,M4_011,M4_011,75.0,243.0,96.52506984715448,6.5250698471544695,X,Lab_a,gaussian,1.0,0.5,True,,8.836611947045295,14.740596948150632,5.034482440198063,5.614864436707619,-7.282137632369995,0.45992333965301513,0.2038682364665465,-5.455018747560165,3.38159319948513,11,0.6687445640563965,common-reference-grid apparent pixels
